folder_name,num_files,sr,duration_sec,spectral_centroid_mean,spectral_centroid_std,spectral_bandwidth_mean,spectral_bandwidth_std,spectral_rolloff_mean,spectral_rolloff_std,spectral_flatness_mean,spectral_flatness_std,hf_energy_ratio_mean,hf_energy_ratio_std
MusicGen_Output,30,32000.0,5.0600000000000005,1582.9940524014005,518.7010577237453,1767.9405762847591,363.44370623768344,3115.120596740273,1016.5661458567243,0.011528993025422096,0.011862906627357006,0.008231999352574348,0.009975090622901917
