folder_name,num_files,sr,duration_sec,spectral_centroid_mean,spectral_centroid_std,spectral_bandwidth_mean,spectral_bandwidth_std,spectral_rolloff_mean,spectral_rolloff_std,spectral_flatness_mean,spectral_flatness_std,hf_energy_ratio_mean,hf_energy_ratio_std
DSP_Output,30,32000.0,5.0600000000000005,1607.8568775796593,510.56111515642164,1772.2955730812657,344.03963038914645,3139.7262749737115,991.1262802615842,0.01297621987760067,0.012286749668419361,0.009371603839099407,0.010814029723405838
