method,num_files,clap_score_mean,clap_score_std
raw_musicgen,30,0.3041038207709789,0.13892637043950576
dsp,30,0.3032563092807929,0.13729718685266945
flashsr,30,0.2970962596436342,0.13628149325252673
audiosr,30,0.29640846283485495,0.16378216947159202
apollo_from_audiosr,30,0.30275004136686523,0.16533114831042395
